{
  "type": "footer",
  "name": "Footer group",
  "sections": {
    "text-with-icons": {
      "type": "text-with-icons",
      "blocks": {
        "icon-1": {
          "type": "item",
          "settings": {
            "title": "Free delivery worldwide"
          }
        },
        "icon-2": {
          "type": "item",
          "settings": {
            "title": "Satisfied or refunded"
          }
        },
        "icon-3": {
          "type": "item",
          "settings": {
            "title": "Top-notch support"
          }
        },
        "icon-4": {
          "type": "item",
          "settings": {
            "title": "Secure payments"
          }
        }
      },
      "block_order": [
        "icon-1",
        "icon-2",
        "icon-3",
        "icon-4"
      ],
      "settings": {}
    },
    "footer": {
      "type": "footer",
      "blocks": {
        "newsletter": {
          "type": "newsletter",
          "settings": {}
        },
        "links": {
          "type": "links",
          "settings": {
            "menu": "footer",
            "show_menu_title": true
          }
        },
        "text": {
          "type": "text",
          "settings": {
            "title": "About",
            "content": "<p>Use this text area to tell your customers about your brand and vision. You can change it in the theme editor.<\/p>"
          }
        }
      },
      "block_order": [
        "newsletter",
        "links",
        "text"
      ],
      "settings": {}
    }
  },
  "order": [
    "text-with-icons",
    "footer"
  ]
}