{
  "type": "header",
  "name": "Header group",
  "sections": {
    "announcement-bar": {
      "type": "announcement-bar",
      "blocks": {
        "message-1": {
          "type": "message",
          "settings": {
            "text": "Announce something here"
          }
        }
      },
      "block_order": [
        "message-1"
      ],
      "settings": {}
    },
    "header": {
      "type": "header",
      "settings": {
        "logo": "{{ shop.brand.logo }}"
      }
    }
  },
  "order": [
    "announcement-bar",
    "header"
  ]
}