[
  {
    "name": "theme_info",
    "theme_name": "Symmetry",
    "theme_author": "Clean Canvas",
    "theme_version": "7.1.2",
    "theme_documentation_url": "http:\/\/cleancanvas.co.uk\/support\/symmetry\/",
    "theme_support_url": "http:\/\/cleancanvas.co.uk\/support\/symmetry\/"
  },
  {
    "name": "Layout",
    "settings": [
      {
        "type": "range",
        "id": "max_page_width",
        "min": 1100,
        "max": 2200,
        "step": 20,
        "unit": "px",
        "label": "Maximum page width",
        "default": 1480
      },
      {
        "type": "checkbox",
        "id": "use_fullwidth_layout",
        "label": "Use full-width layout on collection pages",
        "default": true
      }
    ]
  },
  {
    "name": "Colors",
    "settings": [
      {
        "type": "header",
        "content": "Text"
      },
      {
        "type": "color",
        "id": "font_col_base",
        "label": "Base",
        "default": "#333"
      },
      {
        "type": "color",
        "id": "font_col_link",
        "label": "Links",
        "default": "#111"
      },
      {
        "type": "color",
        "id": "font_col_heads",
        "label": "Headings",
        "default": "#111"
      },
      {
        "type": "color",
        "id": "font_col_shoptitle",
        "label": "Store name"
      },
      {
        "type": "color",
        "id": "prod_label_sale_text",
        "label": "Product card \/ page - sale",
        "default": "#b33323"
      },
      {
        "type": "color",
        "id": "prod_label_sold_text",
        "label": "Product card - sold out",
        "default": "#232323"
      },
      {
        "type": "color",
        "id": "prod_label_pre_text",
        "label": "Product card - pre-order",
        "default": "#232323"
      },
      {
        "type": "header",
        "content": "Primary buttons"
      },
      {
        "type": "color",
        "id": "btn_color",
        "label": "Background",
        "default": "#232323"
      },
      {
        "type": "color",
        "id": "btn_color_hover",
        "label": "Background hover",
        "default": "#000000"
      },
      {
        "type": "color",
        "id": "btn_color_text",
        "label": "Text",
        "default": "#ffffff"
      },
      {
        "type": "header",
        "content": "Secondary buttons"
      },
      {
        "type": "color",
        "id": "btn_alt_bg",
        "label": "Background",
        "default": "#ffffff"
      },
      {
        "type": "color",
        "id": "btn_alt_text",
        "label": "Text and border",
        "default": "#232323"
      },
      {
        "type": "header",
        "content": "Background"
      },
      {
        "type": "color",
        "id": "bg_col",
        "label": "Color",
        "default": "#ffffff"
      },
      {
        "type": "image_picker",
        "id": "bg_image",
        "label": "Image"
      },
      {
        "type": "select",
        "id": "bg_method",
        "label": "Repeat",
        "default": "center top no-repeat",
        "options": [
          {
            "value": "repeat",
            "label": "Tile\/repeat"
          },
          {
            "value": "center top repeat-x",
            "label": "Repeat horizontally"
          },
          {
            "value": "center top repeat-y",
            "label": "Repeat vertically"
          },
          {
            "value": "center top no-repeat",
            "label": "Top center, no repeat"
          }
        ]
      },
      {
        "type": "header",
        "content": "Header"
      },
      {
        "type": "color",
        "id": "head_bg_col",
        "label": "Background",
        "default": "#ffffff"
      },
      {
        "type": "color",
        "id": "head_txt_col",
        "label": "Text",
        "default": "#232323"
      },
      {
        "type": "header",
        "content": "Main menu"
      },
      {
        "type": "color",
        "id": "head_nav_div_col",
        "label": "Dividing lines"
      },
      {
        "type": "color",
        "id": "font_col_nav",
        "label": "Text"
      },
      {
        "type": "color",
        "id": "font_col_nav_hov",
        "label": "Text hover"
      },
      {
        "type": "color",
        "id": "panel_nav_bg",
        "label": "Background"
      },
      {
        "type": "color",
        "id": "nav_featured_col",
        "label": "Featured link color",
        "default": "#dd6666"
      },
      {
        "type": "header",
        "content": "Image overlays"
      },
      {
        "type": "paragraph",
        "content": "Used when text shows on top of an image"
      },
      {
        "type": "color",
        "id": "image_overlay_text",
        "label": "Text",
        "default": "#ffffff"
      },
      {
        "type": "color",
        "id": "image_overlay_bg",
        "label": "Image tint",
        "default": "#000000"
      },
      {
        "type": "range",
        "id": "image_overlay_opacity",
        "min": 0,
        "max": 100,
        "step": 1,
        "unit": "%",
        "label": "Tint strength",
        "default": 30
      },
      {
        "type": "range",
        "id": "image_overlay_shadow_opacity",
        "min": 0,
        "max": 100,
        "step": 1,
        "unit": "%",
        "label": "Text shadow strength",
        "default": 20
      },
      {
        "type": "range",
        "id": "image_overlay_box_opacity",
        "min": 0,
        "max": 100,
        "step": 1,
        "unit": "%",
        "label": "Box background opacity",
        "info": "When overlay shows in a box",
        "default": 100
      },
      {
        "type": "select",
        "id": "image_overlay_box_scheme",
        "label": "Box coloring",
        "default": "page",
        "options": [
          {
            "label": "Page colors",
            "value": "page"
          },
          {
            "label": "Section scheme",
            "value": "scheme"
          }
        ]
      },
      {
        "type": "header",
        "content": "Section color scheme 1"
      },
      {
        "type": "color",
        "id": "color_scheme_1_col",
        "label": "Background",
        "default": "#f2f2f2"
      },
      {
        "type": "color_background",
        "id": "color_scheme_1_gradient",
        "label": "Background gradient"
      },
      {
        "type": "color",
        "id": "color_scheme_1_head_col",
        "label": "Headings",
        "default": "#343434"
      },
      {
        "type": "color",
        "id": "color_scheme_1_text_col",
        "label": "Text",
        "default": "#343434"
      },
      {
        "type": "color",
        "id": "color_scheme_1_link_col",
        "label": "Link",
        "default": "#343434"
      },
      {
        "type": "checkbox",
        "id": "color_scheme_1_overrides_enabled",
        "label": "Use scheme color for sale price, inputs, and product statuses",
        "info": "Useful for high contrast sections.",
        "default": false
      },
      {
        "type": "paragraph",
        "content": "Primary button"
      },
      {
        "type": "color",
        "id": "color_scheme_1_btn_color",
        "label": "Background",
        "default": "#232323"
      },
      {
        "type": "color",
        "id": "color_scheme_1_btn_color_hover",
        "label": "Background on hover",
        "default": "#000000"
      },
      {
        "type": "color",
        "id": "color_scheme_1_btn_color_text",
        "label": "Text",
        "default": "#ffffff"
      },
      {
        "type": "paragraph",
        "content": "Secondary button"
      },
      {
        "type": "color",
        "id": "color_scheme_1_btn_alt_bg",
        "label": "Background",
        "default": "#ffffff"
      },
      {
        "type": "color",
        "id": "color_scheme_1_btn_alt_text",
        "label": "Text and border",
        "default": "#232323"
      },
      {
        "type": "header",
        "content": "Section color scheme 2"
      },
      {
        "type": "color",
        "id": "color_scheme_2_col",
        "label": "Background",
        "default": "#f2f2f2"
      },
      {
        "type": "color_background",
        "id": "color_scheme_2_gradient",
        "label": "Background gradient"
      },
      {
        "type": "color",
        "id": "color_scheme_2_head_col",
        "label": "Headings",
        "default": "#343434"
      },
      {
        "type": "color",
        "id": "color_scheme_2_text_col",
        "label": "Text",
        "default": "#343434"
      },
      {
        "type": "color",
        "id": "color_scheme_2_link_col",
        "label": "Link",
        "default": "#343434"
      },
      {
        "type": "checkbox",
        "id": "color_scheme_2_overrides_enabled",
        "label": "Use scheme color for sale price, inputs, and product statuses",
        "info": "Useful for high contrast sections.",
        "default": false
      },
      {
        "type": "paragraph",
        "content": "Primary button"
      },
      {
        "type": "color",
        "id": "color_scheme_2_btn_color",
        "label": "Background",
        "default": "#232323"
      },
      {
        "type": "color",
        "id": "color_scheme_2_btn_color_hover",
        "label": "Background on hover",
        "default": "#000000"
      },
      {
        "type": "color",
        "id": "color_scheme_2_btn_color_text",
        "label": "Text",
        "default": "#ffffff"
      },
      {
        "type": "paragraph",
        "content": "Secondary button"
      },
      {
        "type": "color",
        "id": "color_scheme_2_btn_alt_bg",
        "label": "Background",
        "default": "#ffffff"
      },
      {
        "type": "color",
        "id": "color_scheme_2_btn_alt_text",
        "label": "Text and border",
        "default": "#232323"
      },
      {
        "type": "header",
        "content": "Product quick-buy"
      },
      {
        "type": "select",
        "id": "quickbuy_color_scheme",
        "label": "Color scheme",
        "default": "1",
        "options": [
          {
            "value": "default",
            "label": "Default"
          },
          {
            "value": "1",
            "label": "1"
          },
          {
            "value": "2",
            "label": "2"
          }
        ]
      },
      {
        "type": "header",
        "content": "Product overlay labels"
      },
      {
        "type": "color",
        "id": "prod_over_redu_text",
        "label": "Reduction text",
        "default": "#ffffff"
      },
      {
        "type": "color",
        "id": "prod_over_redu_bg",
        "label": "Reduction background",
        "default": "#860001"
      },
      {
        "type": "color",
        "id": "prod_over_low_text",
        "label": "Low inventory text",
        "default": "#ffffff"
      },
      {
        "type": "color",
        "id": "prod_over_low_bg",
        "label": "Low inventory background",
        "default": "#09728c"
      },
      {
        "type": "color",
        "id": "prod_over_new_text",
        "label": "New in text",
        "default": "#ffffff"
      },
      {
        "type": "color",
        "id": "prod_over_new_bg",
        "label": "New in background",
        "default": "#09728c"
      },
      {
        "type": "color",
        "id": "prod_over_meta_text",
        "label": "Custom text",
        "default": "#ffffff"
      },
      {
        "type": "color",
        "id": "prod_over_meta_bg",
        "label": "Custom background",
        "default": "#09728c"
      },
      {
        "type": "header",
        "content": "Product inventory level"
      },
      {
        "type": "color",
        "id": "prod_inv_in_text",
        "label": "In stock - text",
        "default": "#108043"
      },
      {
        "type": "color",
        "id": "prod_inv_in_box",
        "label": "In stock - box background",
        "default": "#f2faf0"
      },
      {
        "type": "color",
        "id": "prod_inv_low_text",
        "label": "Low stock - text",
        "default": "#dd9a1a"
      },
      {
        "type": "color",
        "id": "prod_inv_low_box",
        "label": "Low stock - box background",
        "default": "#fcf1cd"
      },
      {
        "type": "header",
        "content": "Product ratings"
      },
      {
        "type": "color",
        "id": "prod_rating_star",
        "label": "Stars",
        "default": "#808284"
      },
      {
        "type": "header",
        "content": "Footer"
      },
      {
        "type": "color",
        "id": "foot_bg_col",
        "label": "Background",
        "default": "#ffffff"
      },
      {
        "type": "color",
        "id": "foot_text_col",
        "label": "Text",
        "default": "#777777"
      },
      {
        "type": "color",
        "id": "foot_heading_col",
        "label": "Headings",
        "default": "#000000"
      },
      {
        "type": "color",
        "id": "foot_divider_col",
        "label": "Dividing lines",
        "default": "#e2e2e2"
      }
    ]
  },
  {
    "name": "Typography",
    "settings": [
      {
        "type": "header",
        "content": "Fonts"
      },
      {
        "type": "font_picker",
        "id": "type_heading_font",
        "label": "Headings",
        "default": "cardo_n4"
      },
      {
        "type": "checkbox",
        "id": "capitalize_headings",
        "label": "Capitalize headings",
        "default": false
      },
      {
        "type": "font_picker",
        "id": "type_base_font",
        "label": "Text & buttons",
        "default": "lato_n4"
      },
      {
        "type": "font_picker",
        "id": "type_nav_font",
        "label": "Navigation",
        "default": "lato_n4"
      },
      {
        "type": "checkbox",
        "id": "bold_mobile_nav",
        "label": "Bold mobile navigation",
        "default": true
      },
      {
        "type": "font_picker",
        "id": "type_logo_font",
        "label": "Store name",
        "info": "If not using a logo image",
        "default": "cardo_n4"
      },
      {
        "type": "header",
        "content": "Sizes"
      },
      {
        "type": "range",
        "id": "font_size_heading_int",
        "min": 12,
        "max": 50,
        "step": 1,
        "unit": "px",
        "label": "Heading",
        "default": 34
      },
      {
        "type": "range",
        "id": "font_size_base_int",
        "min": 12,
        "max": 20,
        "step": 1,
        "unit": "px",
        "label": "Base",
        "default": 15
      },
      {
        "type": "range",
        "id": "font_size_nav_int",
        "min": 10,
        "max": 20,
        "step": 1,
        "unit": "px",
        "label": "Navigation",
        "default": 12
      },
      {
        "type": "range",
        "id": "font_size_logo_int",
        "min": 12,
        "max": 50,
        "step": 1,
        "unit": "px",
        "label": "Store name",
        "default": 24
      },
      {
        "type": "header",
        "content": "Buttons"
      },
      {
        "type": "select",
        "id": "button_style",
        "label": "Style",
        "options": [
          {
            "value": "normal",
            "label": "Normal"
          },
          {
            "value": "caps",
            "label": "All capitals"
          }
        ],
        "default": "normal"
      },
      {
        "type": "select",
        "id": "button_shape",
        "label": "Shape",
        "options": [
          {
            "value": "sharp",
            "label": "Sharp"
          },
          {
            "value": "slightlyrounded",
            "label": "Slightly rounded"
          }
        ],
        "default": "sharp"
      }
    ]
  },
  {
    "name": "Product grid",
    "settings": [
      {
        "type": "select",
        "id": "prod_thumb_shape",
        "label": "Image shape",
        "options": [
          {
            "value": "shortest",
            "label": "Automatic (shortest image)"
          },
          {
            "value": "tallest",
            "label": "Automatic (tallest image)"
          },
          {
            "value": "landscape-32",
            "label": "Landscape (3:2)"
          },
          {
            "value": "landscape-54",
            "label": "Landscape (5:4)"
          },
          {
            "value": "square",
            "label": "Square (1:1)"
          },
          {
            "value": "portrait-45",
            "label": "Portrait (4:5)"
          },
          {
            "value": "portrait-23",
            "label": "Portrait (2:3)"
          }
        ],
        "default": "shortest"
      },
      {
        "type": "checkbox",
        "id": "prod_thumb_crop",
        "label": "Crop image to shape",
        "default": false
      },
      {
        "type": "select",
        "id": "prod_thumb_crop_align",
        "label": "Image alignment",
        "options": [
          {
            "value": "top",
            "label": "Top"
          },
          {
            "value": "center",
            "label": "Middle"
          },
          {
            "value": "bottom",
            "label": "Bottom"
          }
        ],
        "default": "center"
      },
      {
        "type": "select",
        "id": "prod_thumb_mob_per_row",
        "label": "Products per row on mobile",
        "options": [
          {
            "value": "1",
            "label": "1"
          },
          {
            "value": "2",
            "label": "2"
          }
        ],
        "default": "2"
      },
      {
        "type": "text_alignment",
        "id": "prod_thumb_text_align",
        "label": "Text alignment",
        "default": "center"
      },
      {
        "type": "checkbox",
        "id": "prod_thumb_hover_image",
        "label": "Show additional images",
        "info": "On desktop, additional images show on hover. On mobile, they can be swiped (when products are not in a carousel).",
        "default": true
      },
      {
        "type": "checkbox",
        "id": "prod_thumb_show_subtitle",
        "label": "Show subtitle",
        "info": "Uses product subtitle [metafield](https:\/\/help.shopify.com\/en\/manual\/metafields)",
        "default": true
      },
      {
        "type": "checkbox",
        "id": "prod_thumb_url_within_coll",
        "label": "Include collection in URL",
        "info": "Used for breadcrumbs and product recommendations",
        "default": true
      },
      {
        "type": "select",
        "id": "quickbuy_style",
        "label": "Quick buy link style",
        "info": "Disabled on mobile",
        "default": "whole",
        "options": [
          {
            "value": "button",
            "label": "Button"
          },
          {
            "value": "whole",
            "label": "Whole product"
          },
          {
            "value": "off",
            "label": "Disabled"
          }
        ]
      },
      {
        "type": "checkbox",
        "id": "qb_show_app_blocks",
        "label": "Show app blocks in quick buy",
        "info": "App must be compatible loading off the product page",
        "default": false
      },
      {
        "type": "header",
        "content": "Overlay labels"
      },
      {
        "type": "paragraph",
        "content": "For custom labels, add a product metafield with the namespace and key 'theme.label', and the 'single-line text' type."
      },
      {
        "type": "select",
        "id": "prod_block_label_loc",
        "label": "Label location",
        "info": "Always top right on the product page",
        "default": "middle",
        "options": [
          {
            "value": "top left",
            "label": "Top left"
          },
          {
            "value": "top center",
            "label": "Top center"
          },
          {
            "value": "top right",
            "label": "Top right"
          },
          {
            "value": "middle",
            "label": "Middle"
          },
          {
            "value": "bottom left",
            "label": "Bottom left"
          },
          {
            "value": "bottom center",
            "label": "Bottom center"
          },
          {
            "value": "bottom right",
            "label": "Bottom right"
          }
        ]
      },
      {
        "type": "checkbox",
        "id": "prod_reduction_show",
        "label": "Show reduction",
        "default": true
      },
      {
        "type": "select",
        "id": "prod_reduction_type",
        "label": "Reduction type",
        "default": "percent",
        "options": [
          {
            "value": "percent",
            "label": "Percent"
          },
          {
            "value": "value",
            "label": "Value"
          }
        ]
      },
      {
        "type": "checkbox",
        "id": "prod_stock_warn_show",
        "label": "Show inventory label",
        "default": true
      },
      {
        "type": "range",
        "id": "prod_stock_warn_limit_int",
        "min": 0,
        "max": 100,
        "step": 1,
        "label": "Inventory threshold",
        "default": 5,
        "info": "Show inventory quantities below this threshold. Choose 0 to show full amount. For single variant products only in grids."
      },
      {
        "type": "checkbox",
        "id": "prod_new_show",
        "label": "Show 'New in' label",
        "default": true
      },
      {
        "type": "select",
        "id": "prod_new_method",
        "label": "New in method",
        "info": "Collection: Will show when a product is in a collection with 'new' in the handle (be mindful of handles that may accidentally trigger this, e.g. 'earrings-from-new-york'). Tag: Add the tag 'New' to the product.",
        "default": "collection",
        "options": [
          {
            "value": "collection",
            "label": "Collection"
          },
          {
            "value": "tag",
            "label": "Tag"
          },
          {
            "value": "date",
            "label": "Date"
          }
        ]
      },
      {
        "type": "range",
        "id": "prod_new_limit_int",
        "min": 2,
        "max": 100,
        "step": 1,
        "label": "New in date limit",
        "default": 7,
        "info": "Label shows if product was created within this many days"
      },
      {
        "type": "header",
        "content": "Labels beside price"
      },
      {
        "type": "checkbox",
        "id": "prod_sale_show",
        "label": "Show sale label",
        "default": true
      },
      {
        "type": "checkbox",
        "id": "prod_sold_out_show",
        "label": "Show sold out label",
        "default": true
      },
      {
        "type": "checkbox",
        "id": "prod_pre_order_label_show",
        "label": "Show pre-order label",
        "info": "Use the product.preorder template for a product to show this label",
        "default": true
      },
      {
        "type": "header",
        "content": "Product reviews"
      },
      {
        "type": "paragraph",
        "content": "Add reviews by installing [a reviews app](https:\/\/apps.shopify.com\/search?q=reviews)"
      },
      {
        "type": "checkbox",
        "id": "enable_product_reviews_collection",
        "label": "Show rating in product grid",
        "info": "Add reviews by installing [an app](https:\/\/apps.shopify.com\/search?q=reviews). App must support Shopify's standard rating metafield.",
        "default": true
      }
    ]
  },
  {
    "name": "Swatches",
    "settings": [
      {
        "type": "checkbox",
        "id": "swatch_enabled",
        "label": "Enable swatches",
        "default": false
      },
      {
        "type": "paragraph",
        "content": "Show a color or image beside variants. [Learn more](https:\/\/cleancanvas.co.uk\/support\/general\/swatches)"
      },
      {
        "type": "text",
        "id": "swatch_option_name",
        "label": "Swatch option name",
        "default": "Color,Colour,Couleur,Farbe",
        "info": "Separate options with a comma. Case-sensitive. E.g. Color,Couleur,Farbe"
      },
      {
        "type": "select",
        "id": "swatch_method",
        "label": "Swatch method",
        "default": "swatches",
        "options": [
          {
            "value": "swatches",
            "label": "Color list"
          },
          {
            "value": "variant-images",
            "label": "Variant image"
          }
        ]
      },
      {
        "type": "textarea",
        "id": "swatch_value_list",
        "label": "Swatch color list",
        "placeholder": "Red:#ff0000\nWhite:#ffffff\nBlack:black.png\nRed Blue Stripes:#e22#22e",
        "info": "One color per line. Example: Red:#ff0000. Up to three colors can be used to show vertical stripes. Example: Red Blue Stripes:#e22#22e"
      },
      {
        "type": "paragraph",
        "content": "You may also [upload image files](\/admin\/settings\/files). Example: Light green:light-green.png"
      },
      {
        "type": "select",
        "id": "swatch_crop_align",
        "label": "Swatch image crop alignment",
        "default": "center",
        "options": [
          {
            "value": "top",
            "label": "Top"
          },
          {
            "value": "center",
            "label": "Middle"
          },
          {
            "value": "bottom",
            "label": "Bottom"
          }
        ]
      },
      {
        "type": "header",
        "content": "Variant picker"
      },
      {
        "type": "select",
        "id": "swatch_style",
        "label": "Swatch variant picker style",
        "default": "listed",
        "options": [
          {
            "value": "listed",
            "label": "Buttons"
          },
          {
            "value": "icon_square",
            "label": "Icon - square"
          },
          {
            "value": "icon_circle",
            "label": "Icon - circle"
          },
          {
            "value": "dropdown",
            "label": "Dropdown"
          }
        ]
      },
      {
        "type": "range",
        "id": "swatch_picker_image_size",
        "min": 20,
        "max": 120,
        "step": 2,
        "unit": "px",
        "label": "Icon size",
        "default": 68
      },
      {
        "type": "header",
        "content": "Collection filter"
      },
      {
        "type": "checkbox",
        "id": "enable_filter_swatches",
        "label": "Enable swatches in collection filter",
        "info": "Uses colors from the color list above",
        "default": false
      },
      {
        "type": "select",
        "id": "filter_swatch_layout",
        "label": "Swatch filter layout",
        "default": "two-column",
        "options": [
          {
            "value": "one-column",
            "label": "One column"
          },
          {
            "value": "two-column",
            "label": "Two column"
          },
          {
            "value": "no-label",
            "label": "No label"
          }
        ]
      },
      {
        "type": "header",
        "content": "Product grid"
      },
      {
        "type": "checkbox",
        "id": "prod_thumb_show_options",
        "label": "Enable swatches in product grid",
        "default": true
      },
      {
        "type": "checkbox",
        "id": "prod_thumb_options_disable_unavailable",
        "label": "Cross out unavailable options",
        "default": true
      },
      {
        "type": "text",
        "id": "prod_thumb_options_names",
        "label": "Additional variant options",
        "info": "Show other variant options in the product grid, in addition to or instead of swatches. Separate options with a comma. Case-sensitive. E.g. Size,Weight"
      }
    ]
  },
  {
    "name": "Social media",
    "settings": [
      {
        "type": "header",
        "content": "Accounts"
      },
      {
        "type": "text",
        "id": "social_facebook_url",
        "label": "Facebook",
        "info": "https:\/\/facebook.com\/shopify"
      },
      {
        "type": "text",
        "id": "social_instagram_url",
        "label": "Instagram",
        "info": "https:\/\/instagram.com\/shopify"
      },
      {
        "type": "text",
        "id": "social_linkedin_url",
        "label": "Linkedin",
        "info": "https:\/\/linkedin.com\/company\/shopify"
      },
      {
        "type": "text",
        "id": "social_pinterest_url",
        "label": "Pinterest",
        "info": "https:\/\/pinterest.com\/shopify"
      },
      {
        "type": "text",
        "id": "social_tiktok_url",
        "label": "TikTok",
        "info": "https:\/\/tiktok.com\/@shopify"
      },
      {
        "type": "text",
        "id": "social_twitch_url",
        "label": "Twitch",
        "info": "https:\/\/www.twitch.tv\/shopify"
      },
      {
        "type": "text",
        "id": "social_twitter_url",
        "label": "X (formerly Twitter)",
        "info": "https:\/\/x.com\/shopify"
      },
      {
        "type": "select",
        "id": "social_twitter_icon",
        "label": "X icon",
        "default": "x",
        "options": [
          {
            "value": "x",
            "label": "X"
          },
          {
            "value": "bird",
            "label": "Bird"
          }
        ]
      },
      {
        "type": "text",
        "id": "social_threads_url",
        "label": "Threads",
        "info": "https:\/\/www.threads.net\/@shopify"
      },
      {
        "type": "text",
        "id": "social_discord_url",
        "label": "Discord",
        "info": "https:\/\/discord.com\/servers\/shopify"
      },
      {
        "type": "text",
        "id": "social_mastodon_url",
        "label": "Mastodon",
        "info": "https:\/\/mastodon.social\/@shopify"
      },
      {
        "type": "text",
        "id": "social_youtube_url",
        "label": "YouTube",
        "info": "https:\/\/youtube.com\/user\/shopify"
      },
      {
        "type": "text",
        "id": "social_vimeo_url",
        "label": "Vimeo",
        "info": "https:\/\/vimeo.com\/shopify"
      },
      {
        "type": "text",
        "id": "social_tumblr_url",
        "label": "Tumblr",
        "info": "https:\/\/shopify.tumblr.com"
      },
      {
        "type": "text",
        "id": "social_snapchat_url",
        "label": "Snapchat",
        "info": "https:\/\/www.snapchat.com\/add\/shopify"
      },
      {
        "type": "text",
        "id": "social_spotify_url",
        "label": "Spotify",
        "info": "https:\/\/open.spotify.com\/artist\/shopify"
      },
      {
        "type": "text",
        "id": "social_wechat_url",
        "label": "WeChat",
        "info": "weixin:\/\/dl\/chat?shopify"
      },
      {
        "type": "text",
        "id": "social_whatsapp_url",
        "label": "WhatsApp",
        "info": "https:\/\/api.whatsapp.com\/send?phone=1234"
      },
      {
        "type": "header",
        "content": "Custom link",
        "info": "Upload a custom icon for another social network"
      },
      {
        "type": "image_picker",
        "id": "social_custom_icon",
        "label": "Custom icon"
      },
      {
        "type": "text",
        "id": "social_custom_url",
        "label": "Custom link",
        "info": "https:\/\/socialnetwork.com\/shopify"
      }
    ]
  },
  {
    "name": "Search",
    "settings": [
      {
        "type": "checkbox",
        "id": "show_search_suggestions",
        "label": "Show search suggestions",
        "default": true
      },
      {
        "type": "paragraph",
        "content": "The settings below apply to quick header search"
      },
      {
        "type": "checkbox",
        "id": "enable_quick_header_search",
        "label": "Enable quick header search",
        "default": true
      },
      {
        "type": "checkbox",
        "id": "quick_search_show_vendor",
        "label": "Show vendor",
        "default": false
      },
      {
        "type": "checkbox",
        "id": "quick_search_show_price",
        "label": "Show price",
        "info": "Sold out and Pre-order labels will be hidden, if disabled",
        "default": true
      },
      {
        "type": "checkbox",
        "id": "quick_search_search_meta",
        "label": "Search tags and skus",
        "info": "May improve search speed when disabled",
        "default": false
      },
      {
        "type": "header",
        "content": "Collection cards"
      },
      {
        "type": "select",
        "id": "coll_grid_image_shape",
        "label": "Image shape",
        "options": [
          {
            "value": "shortest",
            "label": "Automatic (shortest image)"
          },
          {
            "value": "tallest",
            "label": "Automatic (tallest image)"
          },
          {
            "value": "landscape-32",
            "label": "Landscape (3:2)"
          },
          {
            "value": "landscape-54",
            "label": "Landscape (5:4)"
          },
          {
            "value": "square",
            "label": "Square (1:1)"
          },
          {
            "value": "portrait-45",
            "label": "Portrait (4:5)"
          },
          {
            "value": "portrait-23",
            "label": "Portrait (2:3)"
          }
        ],
        "default": "square"
      },
      {
        "type": "select",
        "id": "coll_grid_image_position",
        "label": "Image alignment",
        "info": "Used to keep the subject of your image in view, when cropped to a fixed shape",
        "default": "center center",
        "options": [
          {
            "value": "top left",
            "label": "Top left"
          },
          {
            "value": "top center",
            "label": "Top center"
          },
          {
            "value": "top right",
            "label": "Top right"
          },
          {
            "value": "center left",
            "label": "Middle left"
          },
          {
            "value": "center center",
            "label": "Middle center"
          },
          {
            "value": "center right",
            "label": "Middle right"
          },
          {
            "value": "bottom left",
            "label": "Bottom left"
          },
          {
            "value": "bottom center",
            "label": "Bottom center"
          },
          {
            "value": "bottom right",
            "label": "Bottom right"
          }
        ]
      },
      {
        "type": "select",
        "id": "coll_thumb_mob_per_row",
        "label": "Collections per row on mobile",
        "options": [
          {
            "value": "1",
            "label": "1"
          },
          {
            "value": "2",
            "label": "2"
          }
        ],
        "default": "2"
      },
      {
        "type": "checkbox",
        "id": "coll_grid_show_count",
        "label": "Show product count",
        "default": true
      },
      {
        "id": "coll_text_position",
        "type": "select",
        "label": "Text position",
        "default": "below",
        "options": [
          {
            "value": "below",
            "label": "Below"
          },
          {
            "value": "over-full",
            "label": "Over - Tint"
          },
          {
            "value": "over-box",
            "label": "Over - Box"
          },
          {
            "value": "over-shadow",
            "label": "Over - Text shadow"
          },
          {
            "value": "over-full image-overlay--bg-shadow",
            "label": "Over - Text shadow and tint"
          },
          {
            "value": "over-no_background",
            "label": "Over - No background"
          }
        ]
      },
      {
        "id": "coll_text_position_under_mobile",
        "type": "checkbox",
        "label": "Show text below image on mobile",
        "default": false
      },
      {
        "type": "text_alignment",
        "id": "coll_thumb_text_align_x",
        "label": "Text alignment",
        "default": "center"
      },
      {
        "type": "select",
        "id": "coll_thumb_text_align_y",
        "label": "Text overlay alignment",
        "options": [
          {
            "value": "top",
            "label": "Top"
          },
          {
            "value": "center",
            "label": "Center"
          },
          {
            "value": "bottom",
            "label": "Bottom"
          }
        ],
        "default": "center"
      }
    ]
  },
  {
    "name": "Favicon",
    "settings": [
      {
        "type": "image_picker",
        "id": "favicon",
        "label": "Image",
        "info": "180 x 180px .png recommended"
      }
    ]
  },
  {
    "name": "Animations",
    "settings": [
      {
        "type": "checkbox",
        "id": "animations_enabled_desktop",
        "label": "Animate text and images on scroll",
        "info": "Only applies to desktop.",
        "default": true
      }
    ]
  },
  {
    "name": "Cart",
    "settings": [
      {
        "type": "select",
        "id": "cart_type",
        "label": "Cart type",
        "options": [
          {
            "value": "drawer",
            "label": "Drawer"
          },
          {
            "value": "page",
            "label": "Page"
          }
        ],
        "default": "drawer"
      },
      {
        "type": "select",
        "id": "after_add_to_cart",
        "label": "After adding to cart",
        "info": "'Show cart drawer' requires Drawer to be the Cart type",
        "options": [
          {
            "value": "drawer",
            "label": "Show cart drawer"
          },
          {
            "value": "notification",
            "label": "Show notification"
          },
          {
            "value": "page",
            "label": "Go to cart page (with quantity check)"
          },
          {
            "value": "no-js",
            "label": "Go to cart page (JS disabled)"
          }
        ],
        "default": "notification"
      },
      {
        "type": "header",
        "content": "Free shipping bar"
      },
      {
        "type": "checkbox",
        "id": "show_free_shipping_bar",
        "label": "Show free shipping bar",
        "default": false
      },
      {
        "type": "paragraph",
        "content": "Enter in format CURRENCY:AMOUNT, or COUNTRY:CURRENCY:AMOUNT for country-specific pricing. The first matched currency in the list will be used, so place country-specific pricing first."
      },
      {
        "type": "paragraph",
        "content": "Use the smallest unit for AMOUNT."
      },
      {
        "type": "paragraph",
        "content": "Example: EC:USD:5000 for $50 USD to Ecuador."
      },
      {
        "type": "paragraph",
        "content": "Example: USD:4500 for $45 US Dollars anywhere."
      },
      {
        "type": "textarea",
        "id": "free_shipping_amounts",
        "label": "Amounts",
        "placeholder": "USD:4500",
        "info": "One price per line. [Read more](https:\/\/cleancanvas.co.uk\/support\/symmetry\/shipping-bar)"
      },
      {
        "type": "paragraph",
        "content": "[Currency code reference](https:\/\/www.iso.org\/iso-4217-currency-codes.html) [Country code reference](https:\/\/www.iso.org\/glossary-for-iso-3166.html)"
      },
      {
        "type": "color",
        "id": "free_shipping_bar_col_under",
        "label": "Bar color - under",
        "default": "#00800a"
      },
      {
        "type": "color",
        "id": "free_shipping_bar_col_met",
        "label": "Bar color - success",
        "default": "#00800a"
      }
    ]
  },
  {
    "name": "Currency format",
    "settings": [
      {
        "type": "header",
        "content": "Currency codes"
      },
      {
        "type": "paragraph",
        "content": "Example: $1.00 USD. Itemized, unit and installment prices do not show these."
      },
      {
        "type": "checkbox",
        "id": "product_currency_code_enabled",
        "label": "Show currency codes on product prices",
        "default": false
      },
      {
        "type": "checkbox",
        "id": "cart_currency_code_enabled",
        "label": "Show currency codes on totals",
        "info": "Applies to cart, drawer, order summary and gift card",
        "default": false
      }
    ]
  },
  {
    "name": "Advanced",
    "settings": [
      {
        "type": "checkbox",
        "id": "ajax_products",
        "label": "Filter, sort, and paginate collections without loading a new page",
        "default": true,
        "info": "Some apps may require this to be disabled"
      },
      {
        "type": "header",
        "content": "Links"
      },
      {
        "type": "checkbox",
        "id": "external_links_new_tab",
        "label": "Open external links in a new tab",
        "default": true
      },
      {
        "type": "checkbox",
        "id": "internal_links_smooth_scroll",
        "label": "Enable smooth scroll for internal links",
        "default": true
      },
      {
        "type": "header",
        "content": "Images"
      },
      {
        "type": "select",
        "id": "image_quality",
        "label": "Image quality",
        "options": [
          {
            "value": "1",
            "label": "Standard"
          },
          {
            "value": "1.25",
            "label": "Higher"
          },
          {
            "value": "1.5",
            "label": "Highest (slowest page loading)"
          }
        ],
        "default": "1",
        "info": "Changing the image quality can affect the page load speed. [Learn more](https:\/\/cleancanvas.co.uk\/support\/symmetry\/settings\/image-quality)"
      },
      {
        "type": "header",
        "content": "Custom HTML"
      },
      {
        "type": "paragraph",
        "content": "For assistance with writing custom code or fixing issues that arise from custom code, please hire an expert Shopify developer."
      },
      {
        "type": "html",
        "id": "custom_html_head",
        "label": "HTML for <head> tag",
        "placeholder": "<meta name=\"google-site-verification\" content=\"\"\/>",
        "info": "Placed at the end of the head tag. Included on all theme pages - this does not include the checkout."
      },
      {
        "type": "header",
        "content": "Custom JavaScript"
      },
      {
        "type": "paragraph",
        "content": "For a full list of JavaScript events included with Symmetry, please refer to the \/assets\/custom.js file within the theme code, or read our [JavaScript Technical Guide](https:\/\/cleancanvas.co.uk\/support\/symmetry\/technical-guides\/js)."
      }
    ]
  }
]