{
  "type": "footer",
  "name": "Footer Group",
  "sections": {
    "cross-page-promos": {
      "type": "cross-page-promos",
      "blocks": {
        "1478526632862": {
          "type": "icon",
          "settings": {
            "icon": "truck",
            "text": "Free delivery!",
            "link_url": ""
          }
        },
        "1478526645605": {
          "type": "icon",
          "settings": {
            "icon": "map_pin",
            "text": "Your nearest store",
            "link_url": ""
          }
        },
        "1478526647261": {
          "type": "icon",
          "settings": {
            "icon": "price_tag",
            "text": "Gift cards",
            "link_url": ""
          }
        },
        "1478527611164": {
          "type": "icon",
          "settings": {
            "icon": "heart",
            "text": "Student discount",
            "link_url": ""
          }
        }
      },
      "block_order": [
        "1478526632862",
        "1478526645605",
        "1478526647261",
        "1478527611164"
      ],
      "settings": {}
    },
    "footer": {
      "type": "footer",
      "blocks": {
        "1601308717434": {
          "type": "text",
          "settings": {
            "image_width": 150,
            "show_social_icons": true,
            "soc_icons_large": false
          }
        },
        "1601308671932": {
          "type": "menu",
          "settings": {
            "menu": "footer"
          }
        },
        "1601308656020": {
          "type": "newsletter",
          "settings": {
            "show_social_icons": false,
            "soc_icons_large": false
          }
        }
      },
      "block_order": [
        "1601308717434",
        "1601308671932",
        "1601308656020"
      ],
      "settings": {
        "lower_menu": "",
        "show_payment_icons": true
      }
    }
  },
  "order": [
    "cross-page-promos",
    "footer"
  ]
}