{
  "type": "header",
  "name": "Header Group",
  "sections": {
    "announcement-bar": {
      "type": "announcement-bar",
      "blocks": {
        "announcement-1": {
          "type": "announcement",
          "settings": {
            "text": "Welcome to our store"
          }
        },
        "announcement-2": {
          "type": "announcement",
          "settings": {
            "text": "Announce <a href=\"#\">something<\/a> here"
          }
        }
      },
      "block_order": [
        "announcement-1",
        "announcement-2"
      ],
      "settings": {
        "announcement_bar_col": "#202020",
        "announcement_text_col": "#ffffff",
        "show_social_icons": true
      }
    },
    "header": {
      "type": "header",
      "settings": {
        "logo": "{{ shop.brand.logo }}",
        "logo_img_width_int": 150,
        "enable_sticky": true,
        "menu_layout": "inline-menu-left"
      }
    },
    "store-messages": {
      "type": "store-messages",
      "blocks": {
        "1601308104445": {
          "type": "message",
          "settings": {
            "heading": "",
            "subheading": "Free shipping on orders over $100"
          }
        },
        "1601308125690": {
          "type": "message",
          "settings": {
            "heading": "",
            "subheading": "Free Click & Collect to US stores*"
          }
        },
        "1601308127822": {
          "type": "message",
          "settings": {
            "heading": "",
            "subheading": "Free and easy domestic returns"
          }
        }
      },
      "block_order": [
        "1601308104445",
        "1601308125690",
        "1601308127822"
      ],
      "settings": {
        "head_not_home_only": false,
        "head_not_mob_show": true,
        "head_not_mob_text": "Free shipping on orders over $100"
      }
    }
  },
  "order": [
    "announcement-bar",
    "header",
    "store-messages"
  ]
}