{
  "type": "aside",
  "name": "Overlay Group",
  "sections": {
    "cart-drawer": {
      "type": "cart-drawer",
      "settings": {}
    },
    "pop-up": {
      "type": "pop-up",
      "blocks": {
        "heading": {
          "type": "heading",
          "settings": {}
        },
        "text": {
          "type": "text",
          "settings": {}
        },
        "newsletter-signup": {
          "type": "newsletter-signup",
          "settings": {}
        }
      },
      "block_order": [
        "heading",
        "text",
        "newsletter-signup"
      ],
      "settings": {}
    }
  },
  "order": [
    "cart-drawer",
    "pop-up"
  ]
}